Feature,Importance
TotalCharges,0.22357445387102415
MonthlyCharges,0.2196844118688457
tenure,0.17219530772026415
Contract,0.09438344787229237
PaymentMethod,0.05470812366343445
OnlineSecurity,0.0489733416611444
TechSupport,0.03520694967684066
InternetService,0.033239230227139815
gender,0.027873408783172113
OnlineBackup,0.027680866028708073
Partner,0.02322268120236122
SeniorCitizen,0.02031655632227201
Dependents,0.01894122110250092
